StartDate,EndDate,Status,IPAddress,Progress,Duration (in seconds),Finished,RecordedDate,ResponseId,RecipientLastName,RecipientFirstName,RecipientEmail,ExternalReference,LocationLatitude,LocationLongitude,DistributionChannel,UserLanguage,Q15_1,Q27_1,Q36_1,Q28_1,Q28_2,Q28_3,Q28_4,Q28_5,Q28_6,Q28_7,Q32_1,Q32_2,Q32_3,Q32_4,Q32_5,Q32_6,Q32_6_TEXT,Q33,Q34,Q31,Q30,Q16,Q24,Q24_11_TEXT,Q25
2026-06-18 13:44:50,2026-06-18 13:56:50,IP Address,*******,100,720,True,2026-06-18 13:56:51,R_1Uy1HEe1ZRmHKQp,*******,*******,*******,*******,*******,*******,anonymous,EN,Good,A lot,Fairly,Valuable,Very Valuable,Somewhat Valuable,Very Valuable,Valuable,Valuable,Valuable,Somewhat unlikely,Neutral,Somewhat unlikely,Very Likely,Neutral,Very unlikely,,No,,Becoming aware of upstate NY institutions with DBER groups and some of the ways in which these groups are internally organized/supported (CASTLE and CDER) and making some initial connections with people in these groups.,"I've been interested in learning more about ER in other disciplines—the methods, methodologies, theoretical frameworks, and results—and this was a great first step for me to have some of those cross-disciplinary conversations. ","The underlying goal seemed to be about trying to establish collaborations between DBER groups or between disciplines. But—for those of us outside of the already-established groups—I don't think we're yet in a position to do that. I still don't have a great sense of the sorts of questions people are asking (and answering) in other disciplines, how they go about answering those questions, and the extent to which those questions/methods are specific to the discipline or just to the individual researcher. Also, if I'm not already a part of one of the large research groups, I don't know of supports that are in place to establish such collaborations. In addition, I wonder how the inclusion of graduate students (and, to a lesser extent, postdocs) aligns with the goals of collaboration, since grad students aren't really in a position to establish such connections. Unfortunately, I don't have a solution to these issues, and I appreciate the hurdles faced by the organizers in attempting to address them. ","Annual regional symposium,Cross-institutional reading or writing group (monthly, virtual),Virtual seminar series (e.g., works-in-progress presentations),Listserv / email list",,"I don't have anything specific in mind. I already have several other research projects going (and 20 credits to teach each year). I'd love to collaborate with others in the group, but don't have the capacity to take the lead on such collaborations."
2026-06-18 20:49:21,2026-06-18 20:53:59,IP Address,*******,100,277,True,2026-06-18 20:54:00,R_6QQiPcwDtIxZeCd,*******,*******,*******,*******,*******,*******,anonymous,EN,Good,A lot,Well,Valuable,Extremely Valuable,Valuable,Valuable,Valuable,Valuable,Very Valuable,Somewhat likely,Very Likely,Neutral,Neutral,Neutral,Neutral,,"Yes, a specific plan (next step, timeline, people identified)","I had a few collaborators that I hadn't met yet in person that I was able to meet at this conference, which helped to solidify plans we had in motion. For others I had just met, we have plans to continue conversations and see where we would be able to work together.",Networking. It was good to connect with people who are working in DBER across fields and see where we have shared interests and concerns.,"Seeing how similar many of us were at independent of role and institution in tackling some of the problems of undertaking our work was meaningful, and helped me better understand where we could possibly move in the future to make change despite shared difficulties.","I think having more time to talk about ongoing projects in a more structured way–birds of a feather discussions, or project ideation for collaborations would have been nice.","Shared repository of instruments, protocols, and resources,Cross-institutional reading or writing group (monthly, virtual),Network newsletter or blog for sharing works-in-progress,Virtual seminar series (e.g., works-in-progress presentations),Listserv / email list",,Happy to contribute to a virtual seminar.
2026-06-19 04:56:55,2026-06-19 05:04:59,IP Address,*******,100,483,True,2026-06-19 05:04:59,R_795rzjJ4Ie9if3m,*******,*******,*******,*******,*******,*******,anonymous,EN,Excellent,A lot,Well,Very Valuable,Extremely Valuable,Very Valuable,Extremely Valuable,Extremely Valuable,Very Valuable,Extremely Valuable,Very Likely,Neutral,Somewhat unlikely,Very Likely,Somewhat likely,Neutral,,"Yes, a specific plan (next step, timeline, people identified)","Already had two different emails this week from projects looking to include MCC in their data collection. 
Spoke with my research partner about presenting some of her work at CASTLE at RIT and being more intentional about connecting with that research community",Getting feedback on work; Connecting with other DBER faculty at RIT,I need to see if I can find/create more DBER researchers at MCC,"I would have been interested in some talks/panel sessions. The content grouping of the posters meant that people could not see each other's work as well, but if there we 10 minute talks, we could each hear more from people doing work in our own areas. ","Slack workspace for updates and communication,Shared repository of instruments, protocols, and resources,Shared graduate student training or mentoring program,Virtual seminar series (e.g., works-in-progress presentations),Listserv / email list,Job and opportunity sharing (postings, dissertation defenses, etc.)",,Connecting with other folks locally. 
2026-06-19 06:06:20,2026-06-19 06:15:36,IP Address,*******,100,556,True,2026-06-19 06:15:36,R_5RaOu81kct3wHUl,*******,*******,*******,*******,*******,*******,anonymous,EN,Good,A lot,Well,Valuable,Extremely Valuable,Valuable,Valuable,Valuable,Valuable,Extremely Valuable,Somewhat likely,Very Likely,Neutral,Somewhat likely,Very unlikely,Very unlikely,,"Yes, loosely (interest expressed, but nothing concrete yet)",I discovered multiple people within driving distance that are working on DBER research -- even some at my own institution that I was unaware of.,"I liked the poster sessions the most, and I felt that gave me the best opportunity to learn about others' research.",One of the ideas that struck me most was how generalizable much of the DBER research is to the different disciplines. This was particular clear to me in the AI poster session.,"While I found the working groups valuable, I would have preferred more opportunities to hear more deeply about other DBER research (e.g., in poster sessions or, perhaps more preferably in talks). Perhaps this sounds counter-intuitive, but I actually felt I needed some breaks from talking to take in others' research. And poster sessions were great, but because I presented during the AI session, I didn't get much of a chance to walk around and see others' presentations on AI. Thanks so much for putting together a great conference! ","Annual regional symposium,Shared repository of instruments, protocols, and resources,Listserv / email list",,I would love to work more with folks at neighboring institutions. I've already reached out to a couple to continue the conversation.
2026-06-19 07:27:04,2026-06-19 07:35:35,IP Address,*******,100,510,True,2026-06-19 07:35:35,R_12Q5fZC1ZqE5C1a,*******,*******,*******,*******,*******,*******,anonymous,EN,Good,Completely,Excellently,Very Valuable,Valuable,Somewhat Valuable,Very Valuable,Very Valuable,Valuable,Valuable,Somewhat likely,Neutral,Somewhat unlikely,Somewhat likely,Very unlikely,Very unlikely,none,"Yes, loosely (interest expressed, but nothing concrete yet)","I have some ideas for a project and it could include collaboration with community college folks ---this was a good opportunity for us to sit down and talk about that, when it would otherwise be hard to find time.","Collecting together people who may otherwise not be able to attend a research conference in one place, and connecting them with folks whose primary role is research.",The chat! ,"I would have enjoyed a wider variety of activities---it felt like there was a lot of effort put on participants to make the conference valuable by continuing to have thoughtful conversation throughout the day. Maybe talks, invited speakers, or more structure would have helped shift some of this effort? While I think the activities were super valuable, I just got tired midway through Thursday which I think had an impact on my participation on Friday.","Slack workspace for updates and communication,Annual regional symposium,Shared graduate student training or mentoring program",,"I don't think I will? I am excited about my collaboration, but I don't think that meaningfully contributes to this community. I would be willing to participate in a slack workspace if it was set up though."
2026-06-19 07:37:05,2026-06-19 07:42:07,IP Address,*******,100,301,True,2026-06-19 07:42:07,R_5aVTZxM0QtitJh3,*******,*******,*******,*******,*******,*******,anonymous,EN,Good,A lot,Well,Very Valuable,Extremely Valuable,Very Valuable,Valuable,Valuable,Somewhat Valuable,Very Valuable,Somewhat likely,Somewhat likely,Somewhat unlikely,Very Likely,Somewhat unlikely,Very Likely,invite others I met to my institution,No,,meeting people from across the region and across fields,idea of asking NY state for money,not staying with the same group as much for working sessions,"Annual regional symposium,Cross-institutional reading or writing group (monthly, virtual),Virtual seminar series (e.g., works-in-progress presentations),Listserv / email list,Job and opportunity sharing (postings, dissertation defenses, etc.)",,helping start an interDBER journal club
2026-06-19 08:33:57,2026-06-19 08:39:30,IP Address,*******,100,332,True,2026-06-19 08:39:30,R_5fq6AyDhcseOhTR,*******,*******,*******,*******,*******,*******,anonymous,EN,Good,A lot,Excellently,Extremely Valuable,Very Valuable,Valuable,Not Valuable,Extremely Valuable,Valuable,Extremely Valuable,Very Likely,Neutral,Somewhat unlikely,Very Likely,Somewhat likely,Neutral,,"Yes, loosely (interest expressed, but nothing concrete yet)",I talked to Jessica Leeker about a potential postdoc in K12 education,Informal chatting time,"Sort of ironically, I really strengthened relationships at Cornell (home institution) more than anything",More space and breaks for the introverts <3,"Slack workspace for updates and communication,Annual regional symposium,Cross-institutional reading or writing group (monthly, virtual),Virtual seminar series (e.g., works-in-progress presentations),Job and opportunity sharing (postings, dissertation defenses, etc.)",,"As a member of CDER leadership, I’m going to try to make solid steps towards establishing the open monthly lit clubs we talked about in collaboration with CASTLE"
2026-06-19 12:41:33,2026-06-19 12:51:17,IP Address,*******,100,583,True,2026-06-19 12:51:17,R_6hEZKFO74fhYFq0,*******,*******,*******,*******,*******,*******,anonymous,EN,Excellent,A lot,Well,Very Valuable,Extremely Valuable,Somewhat Valuable,Valuable,Very Valuable,Extremely Valuable,Extremely Valuable,Somewhat likely,Somewhat likely,Neutral,Very Likely,Somewhat likely,Very Likely,Befriend some of the attendees for informal events and future conversations,"Yes, loosely (interest expressed, but nothing concrete yet)","I want to go back to RIT to continue connecting with the PhD students and faculty there. I also want to do informal things in nature like hikes and natural writing retreats with Mateo, Kris, Kevin, and Abby from RIT.",Making friends and sharing research in the poster session.,"I had an awesome talk with Abby about gender expression and dressing in professional, semi-professional, and personal settings that were really thought provoking. I also learned what an industry SPRINT is and got ideas for how folks balance industry commitments while remaining a PhD student.",Maybe spacing the first day out a bit more. Also having some opportunities to go on walks/hikes with the visitors and doing informal active activities with them.,"Slack workspace for updates and communication,Annual regional symposium,Cross-institutional reading or writing group (monthly, virtual),Network newsletter or blog for sharing works-in-progress,Shared graduate student training or mentoring program,Virtual seminar series (e.g., works-in-progress presentations),Writing retreats (in-person or virtual),Listserv / email list",,I will follow up with Mateo and Kris to see how they are doing!
2026-06-22 08:03:15,2026-06-22 08:10:20,IP Address,*******,100,425,True,2026-06-22 08:10:20,R_6OMj9Iw1bW2rzEd,*******,*******,*******,*******,*******,*******,anonymous,EN,Excellent,A lot,Excellently,Very Valuable,Very Valuable,Very Valuable,Extremely Valuable,Very Valuable,Valuable,Very Valuable,Somewhat likely,Somewhat likely,Neutral,Very Likely,Somewhat likely,Somewhat likely,,"Not yet, but I intend to follow up with someone",A shared journal club for the upstate DBER community.,Meeting a lot of other regional folks. I like making in-person connections with people. ,We are a big community! I did not realize how much was happening at other institutions.,Attending both days...I had to miss Thursday because of a conflict. ,"Slack workspace for updates and communication,Annual regional symposium,Shared graduate student training or mentoring program,Virtual seminar series (e.g., works-in-progress presentations),Job and opportunity sharing (postings, dissertation defenses, etc.),Other:",website with our members and research profiles,"Using a Slack workspace, attending a virtual seminar once per month for upstate DBER in lieu of a meeting at my home institution. "
2026-06-22 09:17:55,2026-06-22 09:24:57,IP Address,*******,100,421,True,2026-06-22 09:24:57,R_3Bj0YNfausIW8Lv,*******,*******,*******,*******,*******,*******,anonymous,EN,Good,Some,Well,Valuable,Very Valuable,Very Valuable,Very Valuable,Very Valuable,Somewhat Valuable,Very Valuable,Neutral,Somewhat likely,Neutral,Very Likely,Neutral,Neutral,,No,,I enjoyed meeting and talking with researchers from other institutions and fields within DBER! ,"The poster session was great, and I liked the gallery walk activity a lot.","I wished that some of the ""breaks"" were a bit longer, I had some of my best conversations during lunch and on a brief unplanned walk to the Dairy Bar","Slack workspace for updates and communication,Annual regional symposium,Shared graduate student training or mentoring program",,
2026-06-22 10:57:37,2026-06-22 11:00:47,IP Address,*******,100,190,True,2026-06-22 11:00:47,R_6jTANCywcLmx1bm,*******,*******,*******,*******,*******,*******,anonymous,EN,Excellent,A lot,Well,Extremely Valuable,Extremely Valuable,Extremely Valuable,Extremely Valuable,Extremely Valuable,Extremely Valuable,Extremely Valuable,Somewhat likely,Very Likely,Somewhat likely,Very Likely,Somewhat likely,Neutral,,"Not yet, but I intend to follow up with someone",,"Connecting with researchers across the region, thinking about what the unique needs and strengths of our region are",It was just great to be around people who are excited about the same things that I am!,Nothing... I really thought it was very well done.,"Slack workspace for updates and communication,Annual regional symposium,Shared repository of instruments, protocols, and resources,Cross-institutional reading or writing group (monthly, virtual),Virtual seminar series (e.g., works-in-progress presentations)",,Just learning more - I'm a novice
2026-06-22 12:29:56,2026-06-22 12:50:45,IP Address,*******,100,1248,True,2026-06-22 12:50:46,R_1pQqDLnipCbiah3,*******,*******,*******,*******,*******,*******,anonymous,EN,Good,Some,Well,Very Valuable,Very Valuable,Very Valuable,Very Valuable,Valuable,Somewhat Valuable,Extremely Valuable,Somewhat likely,Very Likely,Somewhat likely,Very Likely,Very unlikely,Neutral,,"Yes, loosely (interest expressed, but nothing concrete yet)",I am planning on reaching out to engineering education folks at my institution for journal clubs and writing solidarity groups. I am in biology education research and we are located at different campuses so I did not know they were at our campus. ,Networking sessions. ,"I think meeting other people in the field (different discipline) from my institution was a valuable takeaway because I was able to form connections with others in the field and plan journal clubs and writing groups. As the only DBER researcher on my campus, it was special to find others at my institution and be able to create a community. 
 I also found meeting and chatting with folks in other disciplines at different institutions very valuable as well. I was able to chat about my projects and challenges that I've faced as a researcher and educator. Although folks weren't in my specific discipline, the feedback was extremely helpful. ","I felt like some of the workshops seemed to get repetitive towards the end, but that allowed for our group to network and learn about everyone's work. I am grateful that I was able to join as a graduate student, but some of the challenges felt out of my control (not having physical space for DBER researchers to get together in person like CASTLE at RIT). ","Slack workspace for updates and communication,Annual regional symposium,Shared repository of instruments, protocols, and resources,Cross-institutional reading or writing group (monthly, virtual),Shared graduate student training or mentoring program,Writing retreats (in-person or virtual)",,I am going to invite the researchers in engineering education at my institution to our already-scheduled writing retreat! 
2026-06-23 08:51:29,2026-06-23 08:54:11,IP Address,*******,100,161,True,2026-06-23 08:54:11,R_60tNNdO9ben7pim,*******,*******,*******,*******,*******,*******,anonymous,EN,Excellent,Completely,Excellently,Somewhat Valuable,Extremely Valuable,Valuable,Very Valuable,Very Valuable,Very Valuable,Extremely Valuable,Somewhat likely,Somewhat unlikely,Neutral,Very Likely,Somewhat likely,Neutral,,"Not yet, but I intend to follow up with someone",Tentative future grant proposals with the folks at Ithaca College and Monroe Community College related to integration of math and physics.,Networking and connecting with the local community.,Conversations with folks at IC.,"A few more breaks or informal, unstructured time.","Slack workspace for updates and communication,Annual regional symposium,Shared graduate student training or mentoring program,Other:",Scholar-in-residence opportunities for grad students to visit other institutions,Convince RIT to host next year
2026-06-23 09:03:40,2026-06-23 09:57:41,IP Address,*******,100,3240,True,2026-06-23 09:57:42,R_7PAQYspjFgoa0Ew,*******,*******,*******,*******,*******,*******,anonymous,EN,Excellent,A lot,Well,Very Valuable,Very Valuable,Valuable,Valuable,Very Valuable,Very Valuable,Very Valuable,Very Likely,Somewhat likely,Neutral,Somewhat likely,Neutral,Neutral,,"Yes, loosely (interest expressed, but nothing concrete yet)","I got to meet Jutshi Agarwal who is also interested in the field of graduate student professional development, though she is in the engineering field (I am in physics). There's still a lot of crossover there, and opportunities to learn from each other. Jutshi has a paper on GTA prep and support in engineering education that she needs some help getting across the finish line, and I offered to help support her in that pursuit. I'm also very interested in the same topic of GTA support in physics and plan to conduct a study related to that in the future, so there may be more room for collaboration down the road!","Loved getting to meet everyone of course, but also to get a view of the landscape of DBER in NY (I had no idea there were so many people in engineering education here in our state!)","I think there is a desire for some form of support network and community in New York State, and there would be participation. However, barriers exist around everyone's bandwidth and funding as far as planning and execution goes. Something like this might be more feasible with state-level funding and support in the current political climate, and we can use our New York State connections and identity as leverage when making our pitch! As far as where to do that and who to talk to, I do not personally have any answers, that would be the first step.","The first working groups session being based on the poster session was a little tough as a presenter, mostly in that I did not get the chance to fully get the landscape of what research was brought to the conference. I also liked the idea of group formation based on position, field, level of experience and so on, but I think those could have been assigned (deliberately or randomly) to help mix up groups even more and ensure even group size (my second group was almost entirely grad students with one faculty member). ","Annual regional symposium,Shared repository of instruments, protocols, and resources,Shared graduate student training or mentoring program,Virtual seminar series (e.g., works-in-progress presentations),Writing retreats (in-person or virtual)",,I'm going to be reaching out to my new potential collaborator and get the ball rolling on some future projects and publications!
2026-06-23 10:06:14,2026-06-23 10:24:24,IP Address,*******,100,1089,True,2026-06-23 10:24:24,R_58zyrvtiJODjLnu,*******,*******,*******,*******,*******,*******,anonymous,EN,Good,Completely,Excellently,Valuable,Somewhat Valuable,Valuable,Very Valuable,Very Valuable,Valuable,Extremely Valuable,Somewhat likely,Somewhat likely,Neutral,Very Likely,Neutral,Neutral,,"Yes, loosely (interest expressed, but nothing concrete yet)","I had some good conversations with Charlotte Z about the interface of math and physics. We are hoping to start chatting regularly about theses topics 
","As a grad student, I thought the informal connections I made with people in difference disciplines and at different career stages was made really easy.","I think I had the most valuable conversations during the first working group. I think a local DBER community that we had at this conference is in a really unique position to make lasting and direct impacts on the NY educational system.
","The conference completely wiped my social battery by the end of the day on Thursday. I think all the discussion based work shops were phenomenal and are much more beneficial than filling a conference with contributed talks; however, including some more semi-structured breaks would be helpful. ","Slack workspace for updates and communication,Shared repository of instruments, protocols, and resources,Shared graduate student training or mentoring program,Virtual seminar series (e.g., works-in-progress presentations)",,I plan to directly contact researchers at other institutions to build meaningful collaborations.
2026-06-23 10:44:16,2026-06-23 10:54:12,IP Address,*******,100,595,True,2026-06-23 10:54:12,R_5dst8D9uBpHmnhu,*******,*******,*******,*******,*******,*******,anonymous,EN,Excellent,A lot,Excellently,Extremely Valuable,Valuable,Not Valuable,Valuable,Valuable,Valuable,Valuable,Very Likely,Somewhat unlikely,Very unlikely,Neutral,Very unlikely,Very unlikely,,"Yes, a specific plan (next step, timeline, people identified)",Met someone who is going to teach a lesson plan I am devleoping and will employ asseesment of learning ,Networking,Seems like everyone is in the financial pit. ,"Honestly, it was a really great experience. I think it was a great balance of activities.. Would have liked more time for informal conversations.","Slack workspace for updates and communication,Annual regional symposium,Network newsletter or blog for sharing works-in-progress,Virtual seminar series (e.g., works-in-progress presentations)",,I am willing to brainstorm ideas about maintaining longevity in an organization like this. 
2026-06-24 07:10:13,2026-06-24 07:48:55,IP Address,*******,100,2322,True,2026-06-24 07:48:55,R_6c1a3bTlU1n2Tzl,*******,*******,*******,*******,*******,*******,anonymous,EN,Excellent,Completely,Excellently,Extremely Valuable,Extremely Valuable,Extremely Valuable,Very Valuable,Valuable,Very Valuable,Very Valuable,Very Likely,Very Likely,Somewhat unlikely,Very Likely,Somewhat likely,Very Likely,Get involved with future interDBER community building,"Yes, loosely (interest expressed, but nothing concrete yet)","Followed up with someone about the Graduate Career Consortium and their involvement to potentially join that network and learn about what works in a solid community of practice. They also offer professional development opportunities I'm interested in. One PhD candidate from Cornell expressed interest in collaborating on research, so I just reached out. Not sure what will come of it, but would love to engage students across institutions in building up SPIRAL!","Discussing commonalities and differences across our institutions, discussing systems level changes needed, and identifying concrete ways the interDBER community could support them. My favorite part was the emphasis on actionable next steps. ",Learning about methods (statistical and research) I hadn't been exposed to before. Understanding the different approaches and perspectives people take regarding AI in education - what folks are worried about and excited about. Learning how research groups / collaborations play out in academia and how the job of a professor is a LOT different from a job in industry. How we might make collaboration more deliberate and effective by drawing lessons from each.,"1 simple, concrete action item following the conference. It's so easy to say ""I have to follow up with XYZ!"" and struggling to find the time afterwards.","Cross-institutional reading or writing group (monthly, virtual),Shared graduate student training or mentoring program,Writing retreats (in-person or virtual),Job and opportunity sharing (postings, dissertation defenses, etc.)",,Attending the writers studio this Friday!
2026-06-26 07:39:24,2026-06-26 07:42:04,IP Address,*******,100,160,True,2026-06-26 07:42:05,R_1QFyHyMrNGp4NAe,*******,*******,*******,*******,*******,*******,anonymous,EN,Good,A lot,Excellently,Valuable,Very Valuable,Very Valuable,Valuable,Valuable,Valuable,Extremely Valuable,Somewhat likely,Neutral,Neutral,Very Likely,Somewhat unlikely,Neutral,"Required, but nothing to say","Yes, loosely (interest expressed, but nothing concrete yet)",Writing retreat. Possible future use of AI tool in course.,Networking.,Dinner was particularly memorable for less formal interactions.,Less structured time.,"Slack workspace for updates and communication,Annual regional symposium,Shared graduate student training or mentoring program,Writing retreats (in-person or virtual)",,I will show up if things are organized. I cannot committ to organizing myself.
2026-06-27 11:35:17,2026-06-27 11:49:50,IP Address,*******,100,872,True,2026-06-27 11:49:50,R_7isaTvI0dC9fjiW,*******,*******,*******,*******,*******,*******,anonymous,EN,Excellent,A lot,Well,Extremely Valuable,Extremely Valuable,Extremely Valuable,Extremely Valuable,Extremely Valuable,Extremely Valuable,Extremely Valuable,Somewhat likely,Neutral,Somewhat likely,Very Likely,Neutral,,,"Yes, loosely (interest expressed, but nothing concrete yet)",I met some grad students and postdocs who are interested in research graduate student teaching development. So we have discussed collaborating on some smaller projects that may eventually turn into long-term collaborations (hopefully!),Learning about regional DBER programs and networking,Mingling across different institutions and DBER fields helped me find people with shared interests across contexts.,The conference was very well organized and managed. The prompts in the working documents helped me keep my group on task (and not get distracted with unproductive speeches) every time I was a notetaker. A trivial issue was maybe the physical space and format for the jigsaws. A space that can help small groups discuss more closely without being drowned out by the sounds of the next table. This is a common and hard to address issue at any conference though. ,"Slack workspace for updates and communication,Annual regional symposium,Shared repository of instruments, protocols, and resources,Cross-institutional reading or writing group (monthly, virtual),Network newsletter or blog for sharing works-in-progress,Shared graduate student training or mentoring program,Virtual seminar series (e.g., works-in-progress presentations),Writing retreats (in-person or virtual),Listserv / email list,Job and opportunity sharing (postings, dissertation defenses, etc.)",,Follow up with all participants I identified as potential collaborators and make an active attempt to begin some inter-DBER work
2026-06-20 16:53:42,2026-06-20 16:54:45,IP Address,*******,7,62,False,2026-06-27 16:54:47,R_3hJYNSHtFrSOErT,*******,*******,*******,*******,*******,*******,anonymous,EN,,,,,,,,,,,,,,,,,,,,,,,,,
2026-06-22 10:46:51,2026-06-22 12:46:33,IP Address,*******,7,7181,False,2026-06-29 12:46:37,R_6dFJJrhTUV4u0qL,*******,*******,*******,*******,*******,*******,anonymous,EN,,,,,,,,,,,,,,,,,,,,,,,,,
